Country Name,Country Code,Time,Time Code,Access to Clean Fuels and Technologies for cooking (% of total population) [2.1_ACCESS.CFT.TOT],Access to electricity (% of rural population with access) [1.2_ACCESS.ELECTRICITY.RURAL],Access to electricity (% of total population) [1.1_ACCESS.ELECTRICITY.TOT],Access to electricity (% of urban population with access) [1.3_ACCESS.ELECTRICITY.URBAN],Energy intensity level of primary energy (MJ/2011 USD PPP) [6.1_PRIMARY.ENERGY.INTENSITY],Renewable electricity output (GWh) [4.1.2_REN.ELECTRICITY.OUTPUT],Renewable electricity share of total electricity output (%) [4.1_SHARE.RE.IN.ELECTRICITY],Renewable energy consumption (TJ) [3.1_RE.CONSUMPTION],Renewable energy share of TFEC (%) [2.1_SHARE.TOTAL.RE.IN.TFEC],Total electricity output (GWh) [4.1.1_TOTAL.ELECTRICITY.OUTPUT],Total final energy consumption (TFEC) (TJ) [1.1_TOTAL.FINAL.ENERGY.CONSUM]
Afghanistan,AFG,2007,YR2007,15.99,18.9162228544509,33.7486801147461,81.8002548217774,1.46093757483826,684,72,15270.5,33.8625788265031,950,45095.50226
Afghanistan,AFG,2008,YR2008,17.44,32.5,42.4,89.9,2.14758991176544,541,68.6548223350254,15312.85,21.3437080759002,788,71744.09407
Afghanistan,AFG,2009,YR2009,18.84,31.8451566296939,44.8548851013184,85.3545074462891,2.61706039799516,775,87.1766029246344,16854.19,17.8138547564602,889,94612.818115
Afghanistan,AFG,2010,YR2010,20.68,32.4,42.7,82.8,2.93993655831435,767,85.9865470852018,19578.7,14.8398059645804,892,131933.665755
Afghanistan,AFG,2011,YR2011,22.33,33.3801103938629,43.2220189082037,86.5677791512155,3.7559233122206,829,82.4875621890547,20435.21,11.4827062291243,1005,177965.10328
Afghanistan,AFG,2012,YR2012,24.08,63.8,69.1,95,2.98475717572819,878,85.9099804305284,22561.36,13.9735856888609,1022,161457.19862
Afghanistan,AFG,2013,YR2013,26.17,58.4236674312945,67.2595520019531,92.5772933959961,2.75118171303033,803.9,78.6364080993837,22073.09,16.3342925084743,1022.3,135133.431635
Afghanistan,AFG,2014,YR2014,27.99,87.8,89.5,98.7,2.63753256874586,895.3,85.3235490326885,24448.73,19.3142686133983,1049.3,126583.77332
Afghanistan,AFG,2015,YR2015,30.1,64.2,71.5,92.5,2.45770500221765,889.5,86.0501112508465,25134.53,18.4234771693218,1033.7,136426.63526
Afghanistan,AFG,2016,YR2016,32.44,78.9610743548116,84.1371383666992,98.0384140014648,..,..,..,..,..,..,..
Albania,ALB,2007,YR2007,58.14,100,100,100,3.56830033075486,2788,97.4825174825175,22144.92,32.1009372127814,2860,68985.27558
Albania,ALB,2008,YR2008,60.75,100,100,100,3.44266337837328,3797,100,25902.98,35.9129061124767,3797,72127.217772
Albania,ALB,2009,YR2009,63.24,100,100,100,3.40910494349766,5201,99.9807766243752,28426.24,37.2166378004051,5202,76380.462288
Albania,ALB,2010,YR2010,65.23,100,100,100,3.25674823642822,7567,99.9867864693446,29286.06,37.1153297675702,7568,78905.563236
Albania,ALB,2011,YR2011,67.81,100,100,100,3.32280096667451,4132,98.5922214268671,29278.34,35.9625316031337,4191,81413.456436
Albania,ALB,2012,YR2012,69.96,100,100,100,2.94132361651685,4725,100,29877.97,40.048299596384,4725,74604.840408
Albania,ALB,2013,YR2013,71.78,100,100,100,3.38252848875172,6959,100,33755.15,41.2889737241069,6959,81753.424596
Albania,ALB,2014,YR2014,73.98,100,100,100,3.15887895342285,4724,100,33160.59,38.6895007576277,4724,85709.531916
Albania,ALB,2015,YR2015,75.37,100,100,100,2.88661148238797,5895,100,31555.45,38.6152104692153,5895,81717.669324
Albania,ALB,2016,YR2016,77.42,100,100,100,..,..,..,..,..,..,..
Algeria,DZA,2007,YR2007,91.56,97.3348300696472,98.7701416015625,99.5312423706055,3.57654770530432,226,0.607592214216582,3600.779,0.411409249680193,37196,875230.44336
Algeria,DZA,2008,YR2008,92.06,97.9106348685192,99.3,100,3.53394809876618,283,0.703350233621632,2707.185,0.298765661995095,40236,906123.207708
Algeria,DZA,2009,YR2009,92.42,97.4621338816812,98.8276748657227,99.5056838989258,3.8040116688551,306,0.794784551050622,3044.288,0.311808048810447,38501,976334.001516
Algeria,DZA,2010,YR2010,92.41,97.5942707575627,98.8849716186523,99.5056838989258,3.61086794276635,174,0.380460926225565,2627.102,0.258071761617743,45734,1017973.444104
Algeria,DZA,2011,YR2011,92.49,97.7663568724386,98.9572982788086,99.5123748779297,3.66062463761199,502,0.980009370607528,1939.493,0.177339472170288,51224,1093661.200332
Algeria,DZA,2012,YR2012,92.47,97.8587842072279,98.7646604654583,99.2567375886525,3.89139397319131,622,1.08368033172465,2242.983,0.188181413152951,57397,1191925.898748
Algeria,DZA,2013,YR2013,92.83,98.1866565097851,99.1349868774414,99.5509643554688,3.91835131090751,330,0.55101018533979,1774.082,0.140451784823769,59890,1263125.279772
Algeria,DZA,2014,YR2014,93.1,98.4296234301151,99.2343444824219,99.5771102905273,4.1023561853248,254,0.395379969490365,902.2791,0.0686404751413344,64242,1314500.07906
Algeria,DZA,2015,YR2015,92.7,98.687682525808,99.3367080688477,99.6053314208984,4.13270236532592,222,0.322683798947644,833.6698,0.0589586840918149,68798,1413989.835156
Algeria,DZA,2016,YR2016,92.62,98.9553723612358,99.439567565918,99.6344299316406,..,..,..,..,..,..,..
American Samoa,ASM,2007,YR2007,..,..,..,..,..,0,0,0,0,185.2,582.12
American Samoa,ASM,2008,YR2008,..,..,..,..,..,0,0,0,0,188.4,599.76
American Samoa,ASM,2009,YR2009,..,..,..,..,..,0,0,0,0,178.3,569.88
American Samoa,ASM,2010,YR2010,..,..,..,..,..,0,0,0,0,159.1,510.48
American Samoa,ASM,2011,YR2011,..,..,..,..,..,0,0,0,0,155,490.68
American Samoa,ASM,2012,YR2012,..,..,..,..,..,1.1,0.70242656449553,3.396092,0.702426574005129,156.6,483.48
American Samoa,ASM,2013,YR2013,..,..,..,..,..,1.1,0.703140481075933,3.430198,0.70314054045633,156.441,487.8396
American Samoa,ASM,2014,YR2014,..,..,..,..,..,1.1,0.700882474752302,3.40046,0.700882415260351,156.945,485.1684
American Samoa,ASM,2015,YR2015,..,..,..,..,..,1.5,0.885478158205431,4.968064,0.885478201974834,169.4,561.06
American Samoa,ASM,2016,YR2016,..,..,..,..,..,..,..,..,..,..,..
Andorra,AND,2007,YR2007,100,100,100,100,..,57,75,1592.454,16.9407765392179,76,9400.12399262497
Andorra,AND,2008,YR2008,100,100,100,100,..,63,80.0508259212198,1639.672,17.4227405802947,78.7,9411.10264738997
Andorra,AND,2009,YR2009,100,100,100,100,..,62,76.5432098765432,1588.375,17.5159481688922,81,9068.16453602498
Andorra,AND,2010,YR2010,100,100,100,100,..,100,88.7311446317657,1742.786,19.090729970947,112.7,9128.96469989488
Andorra,AND,2011,YR2011,100,100,100,100,..,78.9,86.5131578947369,1644.003,18.9715458373925,91.2,8665.6249
Andorra,AND,2012,YR2012,100,100,100,100,..,76.2,86.6894197952219,1663.126,19.1955286928342,87.9,8664.1322915
Andorra,AND,2013,YR2013,100,100,100,100,..,101.8,88.7532693984307,1660.739,19.5636980308198,114.7,8488.8807698
Andorra,AND,2014,YR2014,100,100,100,100,..,113.4,89.4321766561514,1640.716,19.8863229427674,126.8,8250.474483
Andorra,AND,2015,YR2015,100,100,100,100,..,85.6,86.1167002012072,1642.52,19.7478086257358,99.4,8317.479833481
Andorra,AND,2016,YR2016,100,100,100,100,..,..,..,..,..,..,..
Angola,AGO,2007,YR2007,41.91,8.8,37.5,66.1,3.61227313482103,2497,77.6188995958968,201571.8,61.5997035024139,3217,327228.523092
Angola,AGO,2008,YR2008,42.58,16.0093751034264,31.2680130004883,55.6329383850098,3.43536775588835,3134,75.4090471607315,207937.7,58.1079750373659,4156,357847.093908
Angola,AGO,2009,YR2009,43.32,16.1241287971656,32.3824691772461,57.4950065612793,3.64542773993288,3094,65.3431890179514,211971.1,55.7489765055489,4735,380224.200132
Angola,AGO,2010,YR2010,44.1,16.209957525451,33.514949798584,59.3677825927734,3.69791414414492,3703,67.9574233804368,218134.7,54.1938366242148,5449,402508.317528
Angola,AGO,2011,YR2011,44.8,5.5,34.6,82.5,3.69596755483713,4007,70.9078039285082,223293.9,52.7156787625416,5651,423581.570496
Angola,AGO,2012,YR2012,45.36,16.284298196036,35.821964263916,63.1383361816406,3.85707799126981,3772,60.7994842037395,226763.8,52.245736309469,6204,434033.121204
Angola,AGO,2013,YR2013,46.15,16.2722367518154,36.9904899597168,65.0325393676758,3.615593682837,4767,58.0209347614411,234067.9,50.6861160063949,8216,461798.848368
Angola,AGO,2014,YR2014,46.67,3,32,51,3.64620058216181,5041,53.1751054852321,239123.1,50.7974606805424,9480,470738.294388
Angola,AGO,2015,YR2015,47.36,7,42,64,3.60595906776897,5192,53.1749283080705,243771.1,49.5682103295777,9764,491789.189844
Angola,AGO,2016,YR2016,48.05,15.9842091217441,40.5206069946289,70.729736328125,..,..,..,..,..,..,..
Anguilla,AIA,2007,YR2007,..,..,99.5797271728516,99.5797271728516,..,0,0,1.827,0.116958165850136,89,1562.097
Anguilla,AIA,2008,YR2008,..,..,99.8498077392578,99.8498077392578,..,0,0,1.827,0.115611911000976,89.5,1580.287
Anguilla,AIA,2009,YR2009,..,..,99.9663391113281,99.9663391113281,..,0,0,1.827,0.117811909771682,91.2,1550.777
Anguilla,AIA,2010,YR2010,..,..,99.9965057373047,99.9965057373047,..,0,0,1.827,0.116685518158425,98.6,1565.747
Anguilla,AIA,2011,YR2011,..,..,100,100,..,0,0,1.827,0.125466378512904,95.2,1456.167
Anguilla,AIA,2012,YR2012,..,..,100,100,..,0,0,1.827,0.125590574726392,89.5,1454.727
Anguilla,AIA,2013,YR2013,..,..,100,100,..,0,0,1.827,0.144908339724793,88.6,1260.797
Anguilla,AIA,2014,YR2014,..,..,100,100,..,0,0,1.827,0.128141554686004,89.5,1425.767
Anguilla,AIA,2015,YR2015,..,..,100,100,..,0,0,1.827,0.11285043395223,94.3,1618.957
Anguilla,AIA,2016,YR2016,..,..,100,100,..,..,..,..,..,..,..
Antigua and Barbuda,ATG,2007,YR2007,98.03,90.1105123965889,92.8556442260742,99.9136657714844,3.11633481101568,0,0,0,0,285.4,4139.74
Antigua and Barbuda,ATG,2008,YR2008,98.1,90.8022997669207,93.2994079589844,99.9136657714844,3.19045390361605,0,0,0,0,296,4244.17
Antigua and Barbuda,ATG,2009,YR2009,98.24,91.507898327792,93.7641983032227,99.921127319336,3.82872188916886,0,0,0,0,327.4,4605.39
Antigua and Barbuda,ATG,2010,YR2010,98.34,92.2216022036301,94.2470092773438,99.9407043457031,4.18138936186965,5,1.49476831091181,0,0,326,4412.85
Antigua and Barbuda,ATG,2011,YR2011,98.43,92.6829447409294,94.5520140336941,99.9649963378906,4.1842523050426,5,1.49700598802395,0,0,325,4337.15
Antigua and Barbuda,ATG,2012,YR2012,98.48,93.6665174886193,95.2546920776367,99.9850692749023,4.13779727112478,0,0,0,0,327,4492.95
Antigua and Barbuda,ATG,2013,YR2013,98.55,94.3927274297992,95.773551940918,99.9959869384766,4.15217458735459,0,0,0,0,330,4456.95
Antigua and Barbuda,ATG,2014,YR2014,98.61,95.1174398559878,96.2984161376953,99.9994964599609,4.01155114083803,0,0,0,0,336,4528.41
Antigua and Barbuda,ATG,2015,YR2015,98.67,95.8364899944525,96.8262939453125,100,3.89162926503199,0,0,0,0,340,4701.1
Antigua and Barbuda,ATG,2016,YR2016,98.75,96.5468913480825,97.3546676635742,100,..,..,..,..,..,..,..
Argentina,ARG,2007,YR2007,97.02,97.5394134521484,97.5394134521484,97.5394134521484,4.30281027914211,32055,29.8422008099427,186410.3,8.88764897855596,107415,2097408.44232
Argentina,ARG,2008,YR2008,97.34,97.9341278076173,97.9341278076172,97.9341278076172,4.35285195831845,32035,26.3437057991513,167685.9,7.60968712045958,121604,2203584.685488
Argentina,ARG,2009,YR2009,97.49,98.36336517334,98.3633651733398,98.3633651733398,4.5033185148229,35268,28.9274026197721,179429.3,8.57406117511144,121919,2092699.087812
Argentina,ARG,2010,YR2010,97.63,98.8199999999998,98.82,98.82,4.2511819557134,35807,28.5854562001549,195456.7,8.96144595214523,125263,2181084.403608
Argentina,ARG,2011,YR2011,97.82,99.2161636352536,99.2161636352539,99.2161636352539,4.10057606014049,41854,32.305970437266,227695.1,10.1168467244514,129555,2250652.85856
Argentina,ARG,2012,YR2012,97.94,99.5844116210937,99.5844116210938,99.5844116210938,4.15885335147252,39686,29.2611353196635,225138,9.86670170197468,135627,2281795.95168
Argentina,ARG,2013,YR2013,98.1,99.8371276855468,99.8371276855469,99.8371276855469,4.17514182389459,43788,31.4844907174391,232691.4,10.2103228997482,139171,2278981.79406
Argentina,ARG,2014,YR2014,98.16,99.959243774414,99.9592437744141,99.9592437744141,4.34415636771924,43620,31.5762041956827,254377,10.9019579336328,141260,2333314.818756
Argentina,ARG,2015,YR2015,98.29,99.9952087402346,99.9952087402344,99.9952087402344,4.34010162122093,40791,28.1400691239471,239470.6,10.040077613914,144957,2385146.90034
Argentina,ARG,2016,YR2016,98.4,100,100,100,..,..,..,..,..,..,..
Armenia,ARM,2007,YR2007,91.67,99.0096673711266,99.3310394287109,99.5108947753906,5.80875854763118,1856,31.4682943370634,5757.101,7.01726248020608,5898,82041.978852
Armenia,ARM,2008,YR2008,92.55,99.1165209563131,99.4156494140625,99.5839309692383,5.72185956521961,1799,31.1785095320624,5823.12,6.4051674924082,5770,90912.845088
Armenia,ARM,2009,YR2009,93.33,99.2575073650796,99.5198135375976,99.6687164306641,5.79058510971917,2023,35.6727208605184,6119.523,7.80055609506316,5671,78449.830056
Armenia,ARM,2010,YR2010,94.04,99.8,99.8,99.7,5.39073412326074,2563,39.4854413803728,6989.174,9.35981700562644,6491,74672.122284
Armenia,ARM,2011,YR2011,94.77,99.6131398901937,99.7671508789062,99.8561706542969,5.63053987808689,2492,33.5397039030956,6574.54,8.00961530742766,7430,82083.093228
Armenia,ARM,2012,YR2012,95.1,99.7873630684024,99.8788757324219,99.9322509765625,5.74563091169636,2326,28.9447486311598,5690.971,6.56571131176592,8036,86677.143264
Armenia,ARM,2013,YR2013,95.69,99.9138800404492,99.9540557861328,99.9776763916016,5.43058112937585,2177,28.2360570687419,5850.064,6.7712176363861,7710,86396.041512
Armenia,ARM,2014,YR2014,96.12,99.9778159455329,99.9889755249023,99.9955825805664,5.34738126773887,1996,25.7548387096774,6381.869,7.72473444046229,7750,82616.031
Armenia,ARM,2015,YR2015,96.62,100,100,100,5.38244293235421,2210,28.3369662777279,13445.59,15.7920038357833,7799,85141.759968
Armenia,ARM,2016,YR2016,96.9,100,100,100,..,..,..,..,..,..,..
Aruba,ABW,2007,YR2007,..,87.2800943271598,92.8388214111328,99.8713836669922,..,0,0,11.55298,0.190059132428849,936,6078.62398
Aruba,ABW,2008,YR2008,..,87.7954297271775,93.086166381836,99.8795318603516,..,0,0,11.79183,0.193546025766485,913.6,6092.51983
Aruba,ABW,2009,YR2009,..,88.3301448646907,93.3545455932617,99.901481628418,..,0,0,18.51272,0.299773815834368,924.3,6175.562715
Aruba,ABW,2010,YR2010,..,88.3834352048656,93.3562921509542,99.9322814941406,..,106.5,11.3273771537971,340.2333,5.46471590573899,940.2,6226.001605
Aruba,ABW,2011,YR2011,..,89.4559200945327,93.9423751831055,99.9632339477539,..,112.6,12.101020956475,354.7885,5.661788374133,930.5,6266.36809
Aruba,ABW,2012,YR2012,..,90.0442292277689,94.2558135986328,99.9855880737305,..,136.4,14.9152542372881,431.2133,6.85584956908594,914.5,6289.71356
Aruba,ABW,2013,YR2013,..,90.6454606661621,94.5782623291016,99.9964447021484,..,138.4,14.9121861868333,437.8701,6.88975298437996,928.1,6355.381695
Aruba,ABW,2014,YR2014,..,91.2520466977627,94.9067230224609,99.9995880126953,..,138.4,15.0992799476326,444.4195,6.9275015416327,916.6,6415.29269
Aruba,ABW,2015,YR2015,..,91.8562064439229,95.2381820678711,100,3.32454092428131,138.4,14.8561614426793,437.772,6.72674756598399,931.6,6507.92966
Aruba,ABW,2016,YR2016,..,92.4528443723035,95.5701446533203,100,..,..,..,..,..,..,..
Australia,AUS,2007,YR2007,100,100,100,100,6.04909018664491,21013,8.64807246716794,203771,6.95158629028628,242979,2931287.788008
Australia,AUS,2008,YR2008,100,100,100,100,6.04862865419976,19726,8.11525755637195,202271.6,6.78956927368411,243073,2979152.164836
Australia,AUS,2009,YR2009,100,100,100,100,5.96041909961583,18602,7.49793425905399,211507.8,7.11282715112279,248687,2973610.8513
Australia,AUS,2010,YR2010,100,100,100,100,5.86381345357689,21758,8.61187962842023,244814.1,8.10902729265093,252651,3019031.644176
Australia,AUS,2011,YR2011,100,100,100,100,5.75966043446639,26474,10.4266522781963,254904.8,8.25618114983427,253907,3087441.946512
Australia,AUS,2012,YR2012,100,100,100,100,5.48834789173743,26599,10.5926533603071,256741.7,8.247109347095,251108,3113111.384784
Australia,AUS,2013,YR2013,100,100,100,100,5.34612456482868,33110,13.2641083883167,290076.8,9.08848190986827,249621,3191696.950896
Australia,AUS,2014,YR2014,100,100,100,100,5.15097928338264,37008,14.9067122095833,294879.7,9.27819845713441,248264,3178199.963736
Australia,AUS,2015,YR2015,100,100,100,100,5.03115546358054,34405,13.6378410946741,296838.1,9.18050295980786,252276,3233353.350024
Australia,AUS,2016,YR2016,100,100,100,100,..,..,..,..,..,..,..
Austria,AUT,2007,YR2007,100,100,100,100,3.86861902978625,43290,68.6870289567632,301383,28.6009320732652,62612,1053752.371524
Austria,AUT,2008,YR2008,100,100,100,100,3.83355761279665,44674,69.2308884377567,312020,29.3561662009359,64540,1062877.209048
Austria,AUT,2009,YR2009,100,100,100,100,3.76353648391696,47177,71.1396947946197,314198.5,30.5143889874151,66315,1029673.247364
Austria,AUT,2010,YR2010,100,100,100,100,3.94779679994556,44980,66.2113227544381,332971.5,30.6592165744001,67933,1086040.470708
Austria,AUT,2011,YR2011,100,100,100,100,3.729968115564,40870,65.6314234326824,323991.8,30.9885937243849,62274,1045519.53174
Austria,AUT,2012,YR2012,100,100,100,100,3.68553604791994,51209,74.5291806141755,349194.5,33.4265374778104,68726,1044662.49378
Austria,AUT,2013,YR2013,100,100,100,100,3.72613854340345,50365,78.0247869868319,373423.7,34.6806004056175,64515,1076750.96634
Austria,AUT,2014,YR2014,100,100,100,100,3.55563811360114,49944,81.0568683458842,363442.2,35.3942733418568,61595,1026838.993104
Austria,AUT,2015,YR2015,100,100,100,100,3.60837670799345,47243,76.4907792691417,362355.8,34.3949917477854,61763,1053513.263376
Austria,AUT,2016,YR2016,100,100,100,100,..,..,..,..,..,..,..
Azerbaijan,AZE,2007,YR2007,87.67,99.2865852084893,99.562141418457,99.8085708618164,4.46259403557355,2364,10.8207076486474,9854.355,3.78869994993945,21847,260098.586064
Azerbaijan,AZE,2008,YR2008,89.21,99.5873688808444,99.7418060302734,99.8788146972656,4.43108449164338,2232,10.3128032158204,9358.42,3.08630745943865,21643,303223.840236
Azerbaijan,AZE,2009,YR2009,90.38,99.8220911093484,99.8847351074219,99.9398651123047,3.62863822033588,2310,12.2429510281959,8471.498,3.2691447294693,18868,259134.994044
Azerbaijan,AZE,2010,YR2010,91.38,99.9505935949411,99.9656753540039,99.9788360595703,3.35871117807688,3447,18.4233030464992,11887.45,4.44973428535868,18710,267149.65968
Azerbaijan,AZE,2011,YR2011,92.25,99.9,99.9,99.9,3.63916676084736,2676,13.1861633980487,10342.24,3.55633258575353,20294,290811.946032
Azerbaijan,AZE,2012,YR2012,92.96,99.9998970772107,99.9997100830078,99.9995498657226,3.88132061011495,1821,7.92152427353402,8506.983,2.84552187217877,22988,298960.379928
Azerbaijan,AZE,2013,YR2013,93.71,100,100,100,3.71921133526089,1558,6.67123404984157,7877.251,2.52609484041716,23354,311835.124872
Azerbaijan,AZE,2014,YR2014,94.44,100,100,100,3.76240572785999,1392,5.62924619864122,6999.005,2.11681861563155,24728,330637.918068
Azerbaijan,AZE,2015,YR2015,95.1,100,100,100,3.73014078315772,1738,7.0398574206092,7681.284,2.31075768577815,24688,332414.084232
Azerbaijan,AZE,2016,YR2016,95.54,100,100,100,..,..,..,..,..,..,..
"Bahamas, The",BHS,2007,YR2007,100,100,98.3253021240234,97.5377502441406,2.84470335124966,0,0,514.05,3.70660460767623,2246,13868.4875893
"Bahamas, The",BHS,2008,YR2008,100,100,98.7536849975586,97.8245468139649,2.56642547420495,0,0,277.7229,2.14639382180861,2251,12939.046748
"Bahamas, The",BHS,2009,YR2009,100,100,99.1822662353516,98.1318664550781,2.96959208286291,0,0,277.7504,1.91509448940823,2140,14503.2217228
"Bahamas, The",BHS,2010,YR2010,100,100,99.5609893798828,98.4405364990234,2.93750291667313,0,0,276.444,1.65566801996177,1804.6,16696.8254908
"Bahamas, The",BHS,2011,YR2011,100,100,99.8256530761719,98.7581329345703,3.26212883970692,0,0,280.9917,1.42627268471275,1753.6,19701.1204808
"Bahamas, The",BHS,2012,YR2012,100,100,99.9557952880859,99.0815887451172,3.38862352078145,0,0,278.4185,1.18468572968943,1749.5,23501.4648208
"Bahamas, The",BHS,2013,YR2013,100,100,99.9947357177734,99.3987197875977,4.73987095277839,0,0,282.2426,0.84390314402223,1885,33444.90443
"Bahamas, The",BHS,2014,YR2014,100,100,100,99.6763381958008,4.02736864841881,0,0,280.9114,1.08880276901951,1853,25800.02623
"Bahamas, The",BHS,2015,YR2015,100,100,100,99.8746032714844,4.03347210764914,0,0,310.333,1.21051288380392,2117,25636.48881
"Bahamas, The",BHS,2016,YR2016,100,100,100,100,..,..,..,..,..,..,..
Bahrain,BHR,2007,YR2007,100,100,100,100,10.9121706692551,0,0,0,0,21727,120207.717216
Bahrain,BHR,2008,YR2008,100,100,100,100,11.1342166842842,0,0,0,0,22824,126332.586936
Bahrain,BHR,2009,YR2009,100,100,100,100,10.5459446541361,0,0,0,0,22561,125552.376756
Bahrain,BHR,2010,YR2010,100,100,100,100,10.4491991326449,0,0,0,0,23824,140457.51036
Bahrain,BHR,2011,YR2011,100,100,100,100,10.2370135888467,0,0,0,0,24338,141201.50472
Bahrain,BHR,2012,YR2012,100,100,100,100,9.79422094964858,0,0,0,0,24775,140139.146088
Bahrain,BHR,2013,YR2013,100,100,100,100,10.1388268335799,0,0,0,0,25916,170118.015732
Bahrain,BHR,2014,YR2014,100,100,100,100,9.92276924601324,0,0,0,0,27253,184581.944352
Bahrain,BHR,2015,YR2015,100,100,100,100,9.78520977075594,0,0,0,0,28484,191733.4593
Bahrain,BHR,2016,YR2016,100,100,100,100,..,..,..,..,..,..,..
Bangladesh,BGD,2007,YR2007,10.92,36.6,46.5,82.1,3.37923652990158,749,2.41573939687147,351916.4,47.4829161545534,31005,741143.191068
Bangladesh,BGD,2008,YR2008,11.59,37.5653920026175,51.2497749328613,84.805046081543,3.34561817215582,950,2.77631655853644,356329.3,45.5814154712449,34218,781742.506932
Bangladesh,BGD,2009,YR2009,12.2,40.0024600862526,53.6328544616699,85.8821411132813,3.35070650577119,417,1.12166124216586,358705.3,43.6891169940556,37177,821040.397884
Bangladesh,BGD,2010,YR2010,12.9,42.49,55.26,90.1,3.43732478581831,729,1.78720274577102,363747.3,41.0508417943633,40790,886089.74652
Bangladesh,BGD,2011,YR2011,13.63,49.3,59.6,90.2,3.34942383956602,872,1.9749507394741,368449.7,39.4378552445795,44153,934253.898228
Bangladesh,BGD,2012,YR2012,14.33,47.5702915404016,60.8782157897949,89.1705551147461,3.29957758916921,777,1.60001647378609,372529.9,38.6126786335771,48562,964786.472172
Bangladesh,BGD,2013,YR2013,15.06,54.2,61.5,88,3.17849390914751,1034,1.94653614457831,377762.7,38.7604812718781,53120,974607.867612
Bangladesh,BGD,2014,YR2014,15.96,51.4,62.4,90.7,3.12943728409882,737,1.31972423672665,381507.4,37.6344834916176,55845,1013717.64564
Bangladesh,BGD,2015,YR2015,16.68,55.5300206796793,68.2046813964844,92.5071792602539,3.13980502442378,724,1.2268899018827,386058.6,34.7470690115416,59011,1111053.711816
Bangladesh,BGD,2016,YR2016,17.72,68.85,75.92,94.01,..,..,..,..,..,..,..
Barbados,BRB,2007,YR2007,98.8,100,100,100,4.10581518721768,0,0,1165.475,9.7104639158613,1049.23,12002.2586984365
Barbados,BRB,2008,YR2008,98.92,100,100,100,4.87143962984287,0,0,1141.304,8.62863650732714,1053.66,13226.9333518783
Barbados,BRB,2009,YR2009,99.01,100,100,100,5.12965430358548,0,0,1233.936,9.3801547841442,1068.34,13154.7509438308
Barbados,BRB,2010,YR2010,99.08,100,100,100,4.73861274440615,0,0,1185.736,9.03133448365998,1027.67,13129.1339297122
Barbados,BRB,2011,YR2011,99.17,100,100,100,4.6830214063545,0,0,565.2721,4.58440171410584,1049,12330.335237872
Barbados,BRB,2012,YR2012,99.24,100,100,100,4.56037558566737,0,0,512.6778,4.13218505806171,1128.52,12406.9419156286
Barbados,BRB,2013,YR2013,99.3,100,100,100,4.47088292873395,0,0,391.6627,3.40036919145895,1015.84,11518.24046
Barbados,BRB,2014,YR2014,99.36,100,100,100,3.87779935161732,0,0,367.2428,3.15661695398056,1009.58,11634.0628386
Barbados,BRB,2015,YR2015,99.41,100,100,100,3.78336014014944,0,0,315.0794,2.78635820637435,1029.29,11307.928725
Barbados,BRB,2016,YR2016,99.44,100,100,100,..,..,..,..,..,..,..
Belarus,BLR,2007,YR2007,96.75,100,100,100,9.32464600962865,50,0.157089446730969,44995.27,6.62227569372791,31829,679453.288884
Belarus,BLR,2008,YR2008,96.93,100,100,100,8.47341451903343,73,0.208285779502397,45090.91,6.48734726181925,35048,695059.292808
Belarus,BLR,2009,YR2009,97.19,100,100,100,8.02913468995465,105,0.345667632341322,45526.67,6.77864120236616,30376,671619.409272
Belarus,BLR,2010,YR2010,97.43,100,100,100,7.73263489946284,130,0.372546210058748,50056.72,7.01637018392482,34895,713427.5799
Belarus,BLR,2011,YR2011,97.57,100,100,100,7.81135936914023,138,0.428571428571429,52505.01,7.37848342362358,32200,711596.231712
Belarus,BLR,2012,YR2012,97.69,100,100,100,7.9804333108178,171,0.555212831585441,53332.43,7.24939399554935,30799,735681.217392
Belarus,BLR,2013,YR2013,97.85,100,100,100,7.06140783120911,266,0.844256831815152,51743.51,7.00920866865618,31507,738221.851368
Belarus,BLR,2014,YR2014,97.91,100,100,100,6.83291645216428,251,0.722614078019289,47255.94,6.63418060132312,34735,712310.12298
Belarus,BLR,2015,YR2015,98.01,100,100,100,6.47006816492061,278,0.815679830995834,44549.43,6.7708695317313,34082,657957.29472
Belarus,BLR,2016,YR2016,98.18,100,100,100,..,..,..,..,..,..,..
Belgium,BEL,2007,YR2007,100,100,100,100,5.41318352657469,3486,3.98272552783109,46372.26,3.32908124864994,87528,1392944.675616
Belgium,BEL,2008,YR2008,100,100,100,100,5.53509470263218,4418,5.2857638515009,56267.56,3.91175029674187,83583,1438424.12556
Belgium,BEL,2009,YR2009,100,100,100,100,5.44010323385748,5439,6.05638821459591,66733.06,4.83345935359174,89806,1380648.002148
Belgium,BEL,2010,YR2010,100,100,100,100,5.69871674566424,6494,6.92080611298797,86011.18,5.83739147556669,93833,1473452.317872
Belgium,BEL,2011,YR2011,100,100,100,100,5.21362674900748,8377,9.41087918754353,89948.52,6.63206514838302,89014,1356267.135312
Belgium,BEL,2012,YR2012,100,100,100,100,4.98387304650547,10458,12.8128790384827,106269.8,7.75872906587017,81621,1369680.512076
Belgium,BEL,2013,YR2013,100,100,100,100,5.16431552309613,11675,14.2093861058371,116093.9,8.12943452255499,82183,1428068.578176
Belgium,BEL,2014,YR2014,100,100,100,100,4.78244046666339,12213,17.0806411009482,120885.3,9.07399509752252,71455,1332216.94194
Belgium,BEL,2015,YR2015,100,100,100,100,4.74127411057829,14466,20.8000230056939,128345.2,9.20164053078148,69548,1394807.801616
Belgium,BEL,2016,YR2016,100,100,100,100,..,..,..,..,..,..,..
Belize,BLZ,2007,YR2007,82.07,84.8423673652002,90.4782562255859,97.1555862426758,5.05024120948832,179.177,82.2754469021063,3109.843,32.3106883308948,217.777,9624.811976
Belize,BLZ,2008,YR2008,82.48,85.1897794999605,90.6150207519531,97.1131362915039,4.59428081589416,206.545,94.7475859538063,3141.13,34.0629221378729,217.995,9221.551772
Belize,BLZ,2009,YR2009,82.82,85.5611970134736,90.7728118896484,97.0831909179688,5.35545092052362,187.591389,79.2914214469014,2937.483,26.617188634872,236.584722,11036.0378036
Belize,BLZ,2010,YR2010,83.31,83.0399206545996,89.9172243747798,96.999642510597,5.05688535848823,262.985,63.3809520940405,3558.571,33.7103437031445,414.9275,10556.3177621
Belize,BLZ,2011,YR2011,83.78,87.2227151730257,91.6817359855335,96.3133640552995,5.44511993260269,244.446111,62.941598469924,3686.776,31.0237604383144,388.369722,11883.7173441
Belize,BLZ,2012,YR2012,84.17,86.7662835786619,91.3423233032227,97.0504760742188,4.6943684369337,208.460556,49.1940058214813,3870.41,37.1144939641158,423.751944,10428.2979144
Belize,BLZ,2013,YR2013,84.54,87.1814345802107,91.5541839599609,97.0526657104492,4.84899451917026,207.07,55.8130131931025,3682.176,34.6588616999766,371.006667,10624.0534726
Belize,BLZ,2014,YR2014,84.84,87.5975537323186,91.7720565795898,97.0584259033203,4.52927883432873,204.881389,50.7054753739704,3977.663,36.9061680129115,404.061666888889,10777.772969029
Belize,BLZ,2015,YR2015,85.18,87.5,91.8,96.9,5.10670546242561,188.630277777778,45.2399304748245,4279.87,35.0236296024311,416.955277777778,12219.9499269
Belize,BLZ,2016,YR2016,85.43,88.4200865737024,92.2143173217773,97.0738220214844,..,..,..,..,..,..,..
Benin,BEN,2007,YR2007,3.91,10.7507768430683,29.3367118835449,56.4130935668945,8.79337179745273,3,1.36363636363636,63858.71,54.4860957112598,220,117201.846024
Benin,BEN,2008,YR2008,4.19,11.5527283587661,30.6212387084961,57.9729804992676,8.56937563057823,3,1.31004366812227,65623.18,54.7576222431712,229,119843.005068
Benin,BEN,2009,YR2009,4.46,12.3655762630518,31.9267921447754,59.5453681945801,8.78718414049568,1,0.78125,67368.17,52.8278434772848,128,127523.982744
Benin,BEN,2010,YR2010,4.78,13.9,34.2,65.4,9.14201724642486,1,0.869565217391304,61005.93,48.1172541013029,150,126785.975508
Benin,BEN,2011,YR2011,4.99000000000001,12.4,36.9,67,9.12302418951263,0,0,62604.38,49.4518135956395,155,126596.732148
Benin,BEN,2012,YR2012,5.34,14.5,38.4,68.6,9.03123337825779,0,0,64488.15,51.1460156133676,162,126086.361228
Benin,BEN,2013,YR2013,5.58,15.6290358757832,37.2992057800293,65.924186706543,8.83196748169947,0,0,72052.86,52.710999690266,173,136694.163312
Benin,BEN,2014,YR2014,5.85,13.7,34.1,55.8,8.61562266942328,0,0,74183.77,52.5379882071749,184,141200.24868
Benin,BEN,2015,YR2015,6.06,17.2087337988868,40.0334777832031,69.1421661376953,9.07481537036461,19,5.55555555555556,76473.18,50.8626179373594,342,150352.426008
Benin,BEN,2016,YR2016,6.44,17.9698002077629,41.4026145935059,70.7523498535156,..,..,..,..,..,..,..
Bermuda,BMU,2007,YR2007,..,..,100,100,2.73517271516735,0,0,118.5315,2.36027312154267,734.9,5021.94
Bermuda,BMU,2008,YR2008,..,..,100,100,2.38256582503066,0,0,110.2591,2.27781702943461,727,4840.56
Bermuda,BMU,2009,YR2009,..,..,100,100,1.84057288242962,0,0,126.3951,2.60835899285589,746,4845.77086
Bermuda,BMU,2010,YR2010,..,..,100,100,2.30820179597503,0,0,116.4132,2.39176852046561,742.4,4867.24359
Bermuda,BMU,2011,YR2011,..,..,100,100,1.75734506412522,0,0,109.1492,2.31664705312181,725.9,4711.516148
Bermuda,BMU,2012,YR2012,..,..,100,100,2.03806082621382,0,0,95.55692,2.13500466516013,692,4475.724178
Bermuda,BMU,2013,YR2013,..,..,100,100,1.94581472072074,0,0,93.66656,1.92816579253939,673,4857.806334
Bermuda,BMU,2014,YR2014,..,..,100,100,2.29846336184892,0,0,105.5342,1.99479860849385,710,5290.4689
Bermuda,BMU,2015,YR2015,..,..,100,100,2.02626602134179,0,0,123.3681,2.3595880074697,674.3,5228.374598
Bermuda,BMU,2016,YR2016,..,..,100,100,..,..,..,..,..,..,..
BES Islands,BES,2007,YR2007,..,..,..,..,..,..,..,..,..,0,..
BES Islands,BES,2008,YR2008,..,..,..,..,..,..,..,..,..,0,..
BES Islands,BES,2009,YR2009,..,..,..,..,..,..,..,..,..,0,..
BES Islands,BES,2010,YR2010,..,..,..,..,..,..,..,..,..,0,..
BES Islands,BES,2011,YR2011,..,..,..,..,..,..,..,..,..,0,..
BES Islands,BES,2012,YR2012,..,..,..,..,..,0,0,89.68408,2.45762765045125,113.7,3649.2135
BES Islands,BES,2013,YR2013,..,..,..,..,..,0,0,100.653,2.7136087669732,116.3,3709.1935
BES Islands,BES,2014,YR2014,..,..,..,..,..,2.2,1.77,112.5079,3.02528950996037,120,3718.9135
BES Islands,BES,2015,YR2015,..,..,..,..,..,..,..,112.7886,2.96987679690112,126.7,3797.7535
BES Islands,BES,2016,YR2016,..,..,..,..,..,..,..,..,..,..,..
Bhutan,BTN,2007,YR2007,41.81,60.3,71.8,98.73,13.7378906050228,6560,99.9695214873514,46698.63,92.1868266845302,6562,50656.511
Bhutan,BTN,2008,YR2008,43.54,55.8383683500876,70.0135040283203,98.4882659912109,13.6392183029328,6961,99.9985634454325,48451.87,91.9994765251437,6961.1,52665.37575
Bhutan,BTN,2009,YR2009,44.98,61.9150560036457,74.4616470336914,98.8059692382813,13.2003774667314,6998,99.998571040711,50356.78,92.606017618535,6998.1,54377.4382
Bhutan,BTN,2010,YR2010,46.33,62.4275782155272,73.2829108748978,99.3055555555555,12.5510916601707,7328,99.9959062811293,51448.39,90.8904179206477,7328.3,56604.8558
Bhutan,BTN,2011,YR2011,47.2,74.5484989295816,83.4089965820313,99.4480743408203,11.7594234696087,7067.2,99.9957552175451,52701.73,89.6053320733458,7067.5,58815.395
Bhutan,BTN,2012,YR2012,48.11,87.3,91.5,99.6,11.5600743387308,6826.5,99.997070326805,53467.95,88.0423063931459,6826.7,60729.83795
Bhutan,BTN,2013,YR2013,49.76,87.9805596580004,92.4044189453125,99.8921813964844,11.6454357357287,7639.64,99.9934556173054,54203.72,87.0378362103585,7640.14,62276.04265
Bhutan,BTN,2014,YR2014,50.65,95.0444366708553,96.9126434326172,99.974006652832,11.0601641482083,7003.36,99.9928610794619,55164.73,87.0256180016119,7003.86,63389.0701
Bhutan,BTN,2015,YR2015,51.75,97.4324637303705,98.4235229492188,99.9970550537109,10.4079225807329,7747.154,99.9935464335397,54615.38,86.9045483179462,7747.654,62845.24925
Bhutan,BTN,2016,YR2016,52.5,100,100,100,..,..,..,..,..,..,..
,,,,,,,,,,,,,,
,,,,,,,,,,,,,,
,,,,,,,,,,,,,,
Data from database: Sustainable Energy for All,,,,,,,,,,,,,,
Last Updated: 06/30/2018,,,,,,,,,,,,,,
